1,1,1,4,02/07/2018,11:08
2,1,1,3,02/07/2018,11:08
3,1,2,5,02/07/2018,11:08
4,2,2,2,02/07/2018,8:36
5,2,1,4,02/07/2018,8:36
6,3,1,8,02/07/2018,11:47
7,3,1,9,02/07/2018,11:47
8,4,1,5,02/07/2018,2:26
9,5,1,7,02/07/2018,11:26
10,5,1,2,02/07/2018,11:26
11,5,2,4,02/07/2018,11:26
12,5,1,6,02/07/2018,11:26
13,6,1,2,02/07/2018,9:04
14,6,2,9,02/07/2018,9:04
15,6,1,4,02/07/2018,9:04
16,7,1,7,02/07/2018,10:11
17,8,2,6,02/07/2018,2:40
18,8,2,4,02/07/2018,2:40
19,9,2,2,03/07/2018,9:37
20,10,1,7,03/07/2018,8:47
21,11,1,8,03/07/2018,10:27
22,12,2,3,03/07/2018,1:25
23,12,1,8,03/07/2018,1:25
24,12,2,1,03/07/2018,1:25
25,12,1,1,03/07/2018,1:25
26,13,1,4,03/07/2018,11:42
27,13,1,3,03/07/2018,11:42
28,14,1,4,03/07/2018,8:07
29,14,2,6,03/07/2018,8:07
30,14,2,3,03/07/2018,8:07
31,14,1,4,03/07/2018,8:07
32,15,1,9,03/07/2018,8:20
33,15,1,3,03/07/2018,8:20
34,15,1,9,03/07/2018,8:20
35,15,1,2,03/07/2018,8:20
36,16,2,1,04/07/2018,11:28
37,16,1,4,04/07/2018,11:28
38,16,2,4,04/07/2018,11:28
39,16,2,8,04/07/2018,11:28
40,17,1,6,04/07/2018,4:31
41,17,1,8,04/07/2018,4:31
42,17,1,3,04/07/2018,4:31
43,18,2,4,04/07/2018,8:04
44,18,1,2,04/07/2018,8:04
45,19,2,8,04/07/2018,11:46
46,19,1,8,04/07/2018,11:46
47,20,2,6,04/07/2018,8:20
48,20,1,9,04/07/2018,8:20
49,20,1,7,04/07/2018,8:20
50,21,2,3,04/07/2018,3:03
51,21,2,7,04/07/2018,3:03
52,22,1,1,05/07/2018,10:20
53,22,1,6,05/07/2018,10:20
54,22,1,9,05/07/2018,10:20
55,22,2,7,05/07/2018,10:20
56,23,2,4,05/07/2018,9:45
57,23,1,3,05/07/2018,9:45
58,23,2,8,05/07/2018,9:45
59,24,2,2,05/07/2018,12:14
60,24,1,9,05/07/2018,12:14
61,24,2,1,05/07/2018,12:14
62,24,1,7,05/07/2018,12:14
63,25,1,5,05/07/2018,8:24
64,25,2,5,05/07/2018,8:24
65,26,2,6,05/07/2018,8:37
66,26,1,3,05/07/2018,8:37
67,27,2,8,05/07/2018,8:34
68,28,2,6,05/07/2018,10:10
69,28,2,2,05/07/2018,10:10
70,29,2,7,06/07/2018,2:47
71,29,1,1,06/07/2018,2:47
72,29,2,4,06/07/2018,2:47
73,29,2,9,06/07/2018,2:47
74,30,2,9,06/07/2018,1:06
75,30,2,4,06/07/2018,1:06
76,30,2,1,06/07/2018,1:06
77,31,1,6,06/07/2018,2:08
78,32,1,7,06/07/2018,10:33
79,32,2,4,06/07/2018,10:33
80,33,1,6,06/07/2018,12:21
81,34,2,8,06/07/2018,2:22
82,34,2,8,06/07/2018,2:22
83,35,1,6,06/07/2018,3:12
84,35,2,3,06/07/2018,3:12
85,36,2,1,07/07/2018,11:23
86,36,1,2,07/07/2018,11:23
87,37,2,8,07/07/2018,8:24
88,37,2,6,07/07/2018,8:24
89,37,1,5,07/07/2018,8:24
90,38,1,5,07/07/2018,11:30
91,38,1,7,07/07/2018,11:30
92,38,1,3,07/07/2018,11:30
93,38,2,4,07/07/2018,11:30
94,39,2,2,07/07/2018,8:47
95,39,2,2,07/07/2018,8:47
96,40,2,5,07/07/2018,9:22
97,41,2,1,07/07/2018,11:08
98,41,2,3,07/07/2018,11:08
99,41,2,5,07/07/2018,11:08
100,41,1,8,07/07/2018,11:08
101,42,1,8,07/07/2018,8:15
102,43,2,8,07/07/2018,2:47
103,43,1,6,07/07/2018,2:47
104,44,1,3,07/07/2018,8:43
105,44,2,8,07/07/2018,8:43
106,44,2,3,07/07/2018,8:43
107,44,1,7,07/07/2018,8:43
108,45,1,9,08/07/2018,8:25
109,45,2,2,08/07/2018,8:25
110,46,1,1,08/07/2018,10:08
111,46,1,2,08/07/2018,10:08
112,46,2,3,08/07/2018,10:08
113,47,2,9,08/07/2018,4:02
114,47,1,3,08/07/2018,4:02
115,48,2,7,08/07/2018,8:48
116,48,1,7,08/07/2018,8:48
117,49,2,4,08/07/2018,3:45
118,49,2,4,08/07/2018,3:45
119,49,2,6,08/07/2018,3:45
120,50,1,8,09/07/2018,4:30
121,50,2,1,09/07/2018,4:30
122,51,2,3,09/07/2018,3:47
123,51,1,8,09/07/2018,3:47
124,51,1,8,09/07/2018,3:47
125,52,1,3,09/07/2018,2:02
126,52,2,5,09/07/2018,2:02
127,52,2,9,09/07/2018,2:02
128,52,1,5,09/07/2018,2:02
129,53,2,4,09/07/2018,11:03
130,54,1,5,09/07/2018,11:24
131,54,2,8,09/07/2018,11:24
132,54,1,8,09/07/2018,11:24
133,55,1,3,10/07/2018,4:00
134,55,1,1,10/07/2018,4:00
135,56,1,4,10/07/2018,3:20
136,56,1,5,10/07/2018,3:20
137,56,2,2,10/07/2018,3:20
138,56,2,4,10/07/2018,3:20
139,57,1,8,10/07/2018,2:10
140,58,1,9,10/07/2018,12:04
141,58,2,7,10/07/2018,12:04
142,58,2,4,10/07/2018,12:04
143,59,2,9,10/07/2018,3:08
144,59,2,1,10/07/2018,3:08
145,60,2,8,11/07/2018,8:45
146,60,1,3,11/07/2018,8:45
147,60,2,3,11/07/2018,8:45
148,60,1,8,11/07/2018,8:45
149,61,2,5,11/07/2018,11:21
150,61,1,5,11/07/2018,11:21
151,62,2,6,11/07/2018,9:08
152,62,1,2,11/07/2018,9:08
153,62,2,3,11/07/2018,9:08
154,63,2,7,11/07/2018,1:15
155,63,2,7,11/07/2018,1:15
156,63,2,7,11/07/2018,1:15
157,63,1,3,11/07/2018,1:15
158,64,1,2,11/07/2018,10:30
159,64,2,4,11/07/2018,10:30
160,65,1,5,11/07/2018,4:45
161,65,1,1,11/07/2018,4:45
162,65,1,7,11/07/2018,4:45
163,65,2,2,11/07/2018,4:45
164,66,2,7,11/07/2018,8:22
165,66,1,7,11/07/2018,8:22
166,66,1,3,11/07/2018,8:22
167,66,1,1,11/07/2018,8:22
168,67,1,4,11/07/2018,10:00
169,67,1,8,11/07/2018,10:00
170,68,1,3,11/07/2018,9:36
171,69,2,9,12/07/2018,3:32
172,69,1,5,12/07/2018,3:32
173,69,2,1,12/07/2018,3:32
174,70,1,1,12/07/2018,10:38
175,70,1,3,12/07/2018,10:38
176,71,1,3,12/07/2018,8:14
177,71,2,5,12/07/2018,8:14
178,71,1,1,12/07/2018,8:14
179,71,1,9,12/07/2018,8:14
180,72,2,3,12/07/2018,3:03
181,72,2,4,12/07/2018,3:03
182,73,2,7,12/07/2018,10:27
183,73,2,8,12/07/2018,10:27
184,73,1,7,12/07/2018,10:27
185,73,2,7,12/07/2018,10:27
186,74,2,6,12/07/2018,8:05
187,74,2,7,12/07/2018,8:05
188,74,1,3,12/07/2018,8:05
189,74,1,4,12/07/2018,8:05
190,75,1,4,12/07/2018,4:20
191,75,1,9,12/07/2018,4:20
192,75,2,8,12/07/2018,4:20
193,76,2,9,12/07/2018,10:10
194,76,1,9,12/07/2018,10:10
195,77,2,5,13/07/2018,8:44
196,78,2,7,13/07/2018,11:21
197,78,2,9,13/07/2018,11:21
198,78,2,4,13/07/2018,11:21
199,78,2,5,13/07/2018,11:21
200,79,1,8,13/07/2018,11:47
201,79,1,1,13/07/2018,11:47
202,79,2,3,13/07/2018,11:47
203,79,2,1,13/07/2018,11:47
204,80,2,5,13/07/2018,10:44
205,80,2,9,13/07/2018,10:44
206,80,2,4,13/07/2018,10:44
207,80,2,2,13/07/2018,10:44
208,81,1,5,13/07/2018,10:20
209,81,2,2,13/07/2018,10:20
210,82,1,2,14/07/2018,10:16
211,82,2,5,14/07/2018,10:16
212,82,2,5,14/07/2018,10:16
213,83,2,5,14/07/2018,2:22
214,83,2,8,14/07/2018,2:22
215,83,1,9,14/07/2018,2:22
216,84,2,8,14/07/2018,11:36
217,84,2,6,14/07/2018,11:36
218,84,1,7,14/07/2018,11:36
219,84,1,4,14/07/2018,11:36
220,85,1,8,14/07/2018,8:36
221,86,1,1,14/07/2018,2:47
222,86,2,8,14/07/2018,2:47
223,87,2,4,15/07/2018,9:04
224,87,2,8,15/07/2018,9:04
225,88,1,1,15/07/2018,1:43
226,89,1,1,15/07/2018,9:04
227,89,2,9,15/07/2018,9:04
228,89,1,4,15/07/2018,9:04
229,90,1,6,15/07/2018,8:25
230,90,1,6,15/07/2018,8:25
231,90,1,4,15/07/2018,8:25
232,90,1,4,15/07/2018,8:25
233,91,2,7,15/07/2018,10:06
234,92,2,2,15/07/2018,12:10
235,93,1,2,15/07/2018,8:13
236,93,1,1,15/07/2018,8:13
237,93,1,9,15/07/2018,8:13
238,93,2,8,15/07/2018,8:13
239,94,2,4,16/07/2018,11:20
240,94,2,8,16/07/2018,11:20
241,94,1,4,16/07/2018,11:20
242,94,1,5,16/07/2018,11:20
243,95,1,8,16/07/2018,3:43
244,95,2,8,16/07/2018,3:43
245,96,1,4,16/07/2018,8:05
246,96,1,1,16/07/2018,8:05
247,97,2,9,16/07/2018,8:17
248,98,1,4,16/07/2018,8:12
249,98,2,4,16/07/2018,8:12
250,98,2,7,16/07/2018,8:12
251,99,2,6,16/07/2018,12:13
252,99,1,1,16/07/2018,12:13
253,99,1,6,16/07/2018,12:13
254,99,1,6,16/07/2018,12:13
255,100,2,1,16/07/2018,4:16
256,100,1,6,16/07/2018,4:16
257,100,2,5,16/07/2018,4:16
258,100,1,4,16/07/2018,4:16
259,101,1,8,16/07/2018,12:21
260,101,2,5,16/07/2018,12:21
261,101,1,3,16/07/2018,12:21
262,102,1,9,17/07/2018,8:14
263,102,2,6,17/07/2018,8:14
264,102,1,1,17/07/2018,8:14
265,102,2,2,17/07/2018,8:14
266,103,1,6,17/07/2018,12:28
267,104,1,8,17/07/2018,8:18
268,104,2,3,17/07/2018,8:18
269,104,1,6,17/07/2018,8:18
270,104,2,2,17/07/2018,8:18
271,105,1,5,17/07/2018,3:13
272,106,2,1,17/07/2018,3:46
273,106,2,6,17/07/2018,3:46
274,106,2,3,17/07/2018,3:46
275,106,2,7,17/07/2018,3:46
276,107,1,2,17/07/2018,4:24
277,107,2,6,17/07/2018,4:24
278,107,2,9,17/07/2018,4:24
279,107,1,9,17/07/2018,4:24
280,108,1,2,17/07/2018,4:07
281,108,1,3,17/07/2018,4:07
282,108,1,3,17/07/2018,4:07
283,109,2,9,17/07/2018,2:04
284,109,1,7,17/07/2018,2:04
285,109,1,6,17/07/2018,2:04
286,109,2,8,17/07/2018,2:04
287,110,2,8,18/07/2018,9:31
288,111,2,4,18/07/2018,4:04
289,112,2,2,18/07/2018,8:43
290,112,2,2,18/07/2018,8:43
291,112,2,2,18/07/2018,8:43
292,113,1,4,18/07/2018,4:23
293,113,1,6,18/07/2018,4:23
294,114,2,3,18/07/2018,11:14
295,115,2,9,18/07/2018,12:37
296,115,2,2,18/07/2018,12:37
297,115,2,9,18/07/2018,12:37
298,116,1,3,18/07/2018,12:30
299,116,2,8,18/07/2018,12:30
300,116,1,6,18/07/2018,12:30
301,117,1,4,18/07/2018,3:05
302,117,2,1,18/07/2018,3:05
303,117,2,9,18/07/2018,3:05
304,118,2,8,19/07/2018,3:04
305,118,1,4,19/07/2018,3:04
306,118,2,4,19/07/2018,3:04
307,118,1,1,19/07/2018,3:04
308,119,1,9,19/07/2018,8:41
309,119,2,8,19/07/2018,8:41
310,120,2,4,19/07/2018,4:31
311,120,1,5,19/07/2018,4:31
312,120,1,1,19/07/2018,4:31
313,120,1,7,19/07/2018,4:31
314,121,1,8,19/07/2018,3:48
315,121,1,5,19/07/2018,3:48
316,122,2,3,19/07/2018,1:28
317,122,2,8,19/07/2018,1:28
318,123,1,4,19/07/2018,10:11
319,123,1,8,19/07/2018,10:11
320,123,2,1,19/07/2018,10:11
321,123,2,2,19/07/2018,10:11
322,124,2,4,19/07/2018,10:12
323,124,1,1,19/07/2018,10:12
324,124,1,9,19/07/2018,10:12
325,125,2,5,20/07/2018,10:12
326,125,2,6,20/07/2018,10:12
327,126,2,3,20/07/2018,8:21
328,126,1,7,20/07/2018,8:21
329,126,2,4,20/07/2018,8:21
330,126,2,6,20/07/2018,8:21
331,127,2,4,20/07/2018,9:31
332,127,2,7,20/07/2018,9:31
333,127,2,8,20/07/2018,9:31
334,128,1,6,20/07/2018,1:08
335,128,2,3,20/07/2018,1:08
336,129,2,9,20/07/2018,3:27
337,129,2,7,20/07/2018,3:27
338,129,1,2,20/07/2018,3:27
339,130,1,2,21/07/2018,3:17
340,130,2,6,21/07/2018,3:17
341,130,1,9,21/07/2018,3:17
342,130,2,2,21/07/2018,3:17
343,131,1,9,21/07/2018,2:17
344,131,1,3,21/07/2018,2:17
345,131,2,4,21/07/2018,2:17
346,132,2,4,21/07/2018,4:27
347,132,2,7,21/07/2018,4:27
348,133,2,2,21/07/2018,8:45
349,133,2,6,21/07/2018,8:45
350,134,2,1,21/07/2018,1:45
351,134,2,4,21/07/2018,1:45
352,135,2,8,21/07/2018,1:03
353,135,2,9,21/07/2018,1:03
354,136,2,7,22/07/2018,12:40
355,136,2,2,22/07/2018,12:40
356,137,2,4,22/07/2018,3:37
357,138,1,9,22/07/2018,2:03
358,139,1,3,22/07/2018,11:28
359,139,1,9,22/07/2018,11:28
360,139,2,3,22/07/2018,11:28
361,140,1,3,22/07/2018,4:40
362,141,2,9,22/07/2018,2:08
363,142,2,8,23/07/2018,2:31
364,143,2,7,23/07/2018,11:44
365,143,2,7,23/07/2018,11:44
366,143,1,9,23/07/2018,11:44
367,143,1,2,23/07/2018,11:44
368,144,1,6,23/07/2018,4:32
369,144,2,2,23/07/2018,4:32
370,144,2,3,23/07/2018,4:32
371,145,2,4,23/07/2018,9:00
372,145,1,1,23/07/2018,9:00
373,146,2,1,23/07/2018,11:38
374,146,2,1,23/07/2018,11:38
375,146,1,4,23/07/2018,11:38
376,147,2,1,23/07/2018,3:24
377,148,2,8,23/07/2018,1:07
378,148,1,3,23/07/2018,1:07
379,148,1,6,23/07/2018,1:07
380,148,2,4,23/07/2018,1:07
381,149,1,6,24/07/2018,8:36
382,149,1,5,24/07/2018,8:36
383,149,1,4,24/07/2018,8:36
384,150,2,9,24/07/2018,10:12
385,150,1,8,24/07/2018,10:12
386,150,2,2,24/07/2018,10:12
387,150,2,6,24/07/2018,10:12
388,151,1,5,24/07/2018,4:15
389,152,2,4,24/07/2018,1:43
390,152,1,6,24/07/2018,1:43
391,152,2,3,24/07/2018,1:43
392,152,2,4,24/07/2018,1:43
393,153,1,7,24/07/2018,4:30
394,153,1,8,24/07/2018,4:30
395,154,2,5,25/07/2018,1:00
396,154,2,2,25/07/2018,1:00
397,155,1,9,25/07/2018,4:05
398,155,1,4,25/07/2018,4:05
399,156,1,2,25/07/2018,2:25
400,156,1,7,25/07/2018,2:25
401,156,2,9,25/07/2018,2:25
402,157,1,9,25/07/2018,2:43
403,157,1,3,25/07/2018,2:43
404,157,1,3,25/07/2018,2:43
405,158,2,8,25/07/2018,12:08
406,158,2,5,25/07/2018,12:08
407,158,1,5,25/07/2018,12:08
408,159,2,7,25/07/2018,12:26
409,159,2,6,25/07/2018,12:26
410,159,1,2,25/07/2018,12:26
411,159,2,5,25/07/2018,12:26
412,160,2,3,25/07/2018,2:40
413,160,1,7,25/07/2018,2:40
414,160,1,3,25/07/2018,2:40
415,160,2,8,25/07/2018,2:40
416,161,1,1,25/07/2018,8:41
417,161,2,7,25/07/2018,8:41
418,161,1,3,25/07/2018,8:41
419,162,2,5,26/07/2018,10:25
420,162,2,3,26/07/2018,10:25
421,162,1,1,26/07/2018,10:25
422,162,2,6,26/07/2018,10:25
423,163,2,6,26/07/2018,10:23
424,163,1,7,26/07/2018,10:23
425,163,1,6,26/07/2018,10:23
426,163,2,7,26/07/2018,10:23
427,164,2,2,26/07/2018,4:44
428,165,1,1,26/07/2018,11:24
429,165,2,6,26/07/2018,11:24
430,165,1,4,26/07/2018,11:24
431,166,1,3,26/07/2018,12:31
432,166,2,1,26/07/2018,12:31
433,166,2,7,26/07/2018,12:31
434,167,1,8,27/07/2018,12:12
435,167,2,1,27/07/2018,12:12
436,168,1,1,27/07/2018,3:11
437,168,1,9,27/07/2018,3:11
438,168,1,7,27/07/2018,3:11
439,168,1,8,27/07/2018,3:11
440,169,1,8,27/07/2018,3:37
441,169,2,3,27/07/2018,3:37
442,169,2,9,27/07/2018,3:37
443,170,1,7,27/07/2018,9:16
444,171,1,3,27/07/2018,9:20
445,171,1,1,27/07/2018,9:20
446,172,2,7,27/07/2018,10:22
447,172,2,5,27/07/2018,10:22
448,172,1,6,27/07/2018,10:22
449,173,1,6,27/07/2018,3:17
450,174,2,3,28/07/2018,8:24
451,174,1,7,28/07/2018,8:24
452,174,2,4,28/07/2018,8:24
453,175,1,1,28/07/2018,3:36
454,175,1,7,28/07/2018,3:36
455,176,1,8,28/07/2018,9:25
456,177,1,9,28/07/2018,3:37
457,177,1,5,28/07/2018,3:37
458,177,1,4,28/07/2018,3:37
459,177,2,1,28/07/2018,3:37
460,178,2,5,28/07/2018,1:42
461,179,1,7,28/07/2018,8:44
462,179,1,9,28/07/2018,8:44
463,179,1,4,28/07/2018,8:44
464,179,2,5,28/07/2018,8:44
465,180,1,6,28/07/2018,8:36
466,180,2,8,28/07/2018,8:36
467,180,1,1,28/07/2018,8:36
468,180,2,9,28/07/2018,8:36
469,181,2,7,28/07/2018,12:28
470,182,1,7,29/07/2018,1:21
471,182,1,2,29/07/2018,1:21
472,182,2,6,29/07/2018,1:21
473,183,1,5,29/07/2018,8:42
474,183,1,2,29/07/2018,8:42
475,183,1,9,29/07/2018,8:42
476,184,2,2,29/07/2018,2:10
477,184,1,1,29/07/2018,2:10
478,185,1,4,29/07/2018,4:40
479,185,1,3,29/07/2018,4:40
480,186,2,4,29/07/2018,2:36
481,186,2,5,29/07/2018,2:36
482,187,2,9,29/07/2018,8:14
483,187,1,9,29/07/2018,8:14
484,187,2,9,29/07/2018,8:14
485,188,2,9,29/07/2018,4:02
486,188,1,6,29/07/2018,4:02
487,188,1,2,29/07/2018,4:02
488,189,1,6,29/07/2018,3:30
489,190,1,2,30/07/2018,10:20
490,191,2,3,30/07/2018,1:31
491,192,2,6,30/07/2018,3:35
492,192,2,1,30/07/2018,3:35
493,193,2,5,30/07/2018,11:45
494,193,2,1,30/07/2018,11:45
495,193,2,2,30/07/2018,11:45
496,193,2,3,30/07/2018,11:45
497,194,2,3,30/07/2018,11:01
498,195,2,1,30/07/2018,2:42
499,196,1,7,30/07/2018,12:42
500,197,2,1,31/07/2018,11:25
501,198,2,6,31/07/2018,9:47
502,199,2,9,31/07/2018,11:34
503,199,2,1,31/07/2018,11:34
504,200,2,1,31/07/2018,3:24
505,200,2,4,31/07/2018,3:24
506,201,2,3,31/07/2018,8:34
507,202,1,5,31/07/2018,2:31
508,202,1,7,31/07/2018,2:31
509,203,1,4,31/07/2018,1:18
510,203,2,1,31/07/2018,1:18
511,203,1,6,31/07/2018,1:18
512,203,1,7,31/07/2018,1:18
513,204,1,4,31/07/2018,4:47
514,204,2,2,31/07/2018,4:47
515,204,1,3,31/07/2018,4:47
516,204,1,6,31/07/2018,4:47
517,205,2,8,31/07/2018,11:30
518,205,2,2,31/07/2018,11:30
519,206,2,1,01/08/2018,3:48
520,206,2,7,01/08/2018,3:48
521,207,2,2,01/08/2018,9:36
522,207,1,7,01/08/2018,9:36
523,207,1,2,01/08/2018,9:36
524,208,2,8,01/08/2018,1:48
525,208,1,2,01/08/2018,1:48
526,208,2,9,01/08/2018,1:48
527,208,2,1,01/08/2018,1:48
528,209,1,8,01/08/2018,2:02
529,210,1,1,01/08/2018,12:21
530,210,1,4,01/08/2018,12:21
531,210,1,5,01/08/2018,12:21
532,210,1,7,01/08/2018,12:21
533,211,2,3,01/08/2018,10:24
534,211,2,3,01/08/2018,10:24
535,211,1,4,01/08/2018,10:24
536,211,2,6,01/08/2018,10:24
537,212,2,7,01/08/2018,3:30
538,212,1,4,01/08/2018,3:30
539,212,2,2,01/08/2018,3:30
540,213,2,7,02/08/2018,1:34
541,213,1,9,02/08/2018,1:34
542,213,2,9,02/08/2018,1:34
543,214,2,5,02/08/2018,2:36
544,214,2,2,02/08/2018,2:36
545,214,1,3,02/08/2018,2:36
546,214,1,5,02/08/2018,2:36
547,215,2,8,02/08/2018,4:38
548,216,1,8,02/08/2018,1:25
549,216,2,5,02/08/2018,1:25
550,216,2,6,02/08/2018,1:25
551,217,1,7,02/08/2018,3:44
552,218,2,6,02/08/2018,2:04
553,218,1,1,02/08/2018,2:04
554,219,1,3,03/08/2018,8:05
555,220,1,1,03/08/2018,3:47
556,221,2,5,03/08/2018,1:02
557,221,2,9,03/08/2018,1:02
558,222,2,4,03/08/2018,9:41
559,222,2,1,03/08/2018,9:41
560,223,2,2,03/08/2018,10:16
561,223,2,6,03/08/2018,10:16
562,223,2,2,03/08/2018,10:16
563,223,1,2,03/08/2018,10:16
564,224,1,5,03/08/2018,3:31
565,224,2,5,03/08/2018,3:31
566,224,2,9,03/08/2018,3:31
567,225,2,7,04/08/2018,3:41
568,225,2,5,04/08/2018,3:41
569,226,1,3,04/08/2018,8:37
570,226,1,9,04/08/2018,8:37
571,226,1,9,04/08/2018,8:37
572,227,1,2,04/08/2018,2:25
573,228,1,5,04/08/2018,12:22
574,228,1,8,04/08/2018,12:22
575,228,1,7,04/08/2018,12:22
576,229,1,2,04/08/2018,3:25
577,229,1,8,04/08/2018,3:25
578,229,2,6,04/08/2018,3:25
579,229,2,4,04/08/2018,3:25
580,230,1,5,04/08/2018,11:46
581,230,1,4,04/08/2018,11:46
582,230,1,4,04/08/2018,11:46
583,231,2,6,04/08/2018,9:30
584,231,2,8,04/08/2018,9:30
585,231,2,7,04/08/2018,9:30
586,231,1,7,04/08/2018,9:30
587,232,1,8,04/08/2018,2:07
588,233,2,6,05/08/2018,2:15
589,233,1,6,05/08/2018,2:15
590,233,1,7,05/08/2018,2:15
591,234,1,1,05/08/2018,4:48
592,234,2,9,05/08/2018,4:48
593,235,1,5,05/08/2018,4:32
594,235,1,1,05/08/2018,4:32
595,235,2,2,05/08/2018,4:32
596,235,1,2,05/08/2018,4:32
597,236,1,6,05/08/2018,11:15
598,236,2,5,05/08/2018,11:15
599,236,1,8,05/08/2018,11:15
600,237,1,3,05/08/2018,3:23
601,238,1,6,05/08/2018,12:44
602,238,1,4,05/08/2018,12:44
603,239,2,9,06/08/2018,4:33
604,239,2,9,06/08/2018,4:33
605,240,2,7,06/08/2018,10:31
606,240,1,8,06/08/2018,10:31
607,241,1,8,06/08/2018,11:17
608,241,1,3,06/08/2018,11:17
609,241,2,7,06/08/2018,11:17
610,242,1,9,06/08/2018,4:23
611,242,2,7,06/08/2018,4:23
612,243,2,2,06/08/2018,11:12
613,243,2,1,06/08/2018,11:12
614,243,1,2,06/08/2018,11:12
615,243,2,8,06/08/2018,11:12
616,244,1,2,06/08/2018,3:23
617,245,2,9,06/08/2018,1:43
618,245,1,1,06/08/2018,1:43
619,245,1,8,06/08/2018,1:43
620,245,1,2,06/08/2018,1:43
621,246,1,2,06/08/2018,8:47
622,246,2,1,06/08/2018,8:47
623,247,1,5,06/08/2018,9:43
624,247,1,8,06/08/2018,9:43
625,247,1,7,06/08/2018,9:43
626,247,1,1,06/08/2018,9:43
627,248,2,5,07/08/2018,8:10
628,248,1,9,07/08/2018,8:10
629,248,1,8,07/08/2018,8:10
630,248,1,2,07/08/2018,8:10
631,249,2,1,07/08/2018,2:25
632,249,1,9,07/08/2018,2:25
633,249,2,7,07/08/2018,2:25
634,250,1,8,07/08/2018,9:46
635,250,2,7,07/08/2018,9:46
636,250,2,8,07/08/2018,9:46
637,250,2,3,07/08/2018,9:46
638,251,1,6,07/08/2018,4:35
639,251,1,4,07/08/2018,4:35
640,252,1,5,07/08/2018,9:18
641,253,2,5,08/08/2018,10:15
642,253,2,9,08/08/2018,10:15
643,254,1,6,08/08/2018,11:42
644,254,2,4,08/08/2018,11:42
645,254,1,9,08/08/2018,11:42
646,255,1,5,08/08/2018,2:13
647,255,1,4,08/08/2018,2:13
648,255,1,2,08/08/2018,2:13
649,256,1,6,08/08/2018,11:45
650,257,1,8,08/08/2018,10:25
651,257,2,1,08/08/2018,10:25
652,258,2,1,08/08/2018,9:14
653,258,1,3,08/08/2018,9:14
654,259,2,5,08/08/2018,9:47
655,260,1,4,08/08/2018,1:16
656,260,2,1,08/08/2018,1:16
657,261,1,3,08/08/2018,2:24
658,261,2,3,08/08/2018,2:24
659,262,2,3,09/08/2018,2:23
660,263,2,5,09/08/2018,1:12
661,263,1,3,09/08/2018,1:12
662,264,2,4,09/08/2018,11:38
663,264,1,6,09/08/2018,11:38
664,264,1,5,09/08/2018,11:38
665,264,2,1,09/08/2018,11:38
666,265,1,6,09/08/2018,9:35
667,265,2,7,09/08/2018,9:35
668,265,2,1,09/08/2018,9:35
669,266,2,3,09/08/2018,4:10
670,266,2,3,09/08/2018,4:10
671,267,2,7,09/08/2018,12:07
672,267,1,2,09/08/2018,12:07
673,267,2,4,09/08/2018,12:07
674,268,1,4,09/08/2018,1:01
675,269,2,9,09/08/2018,4:04
676,269,2,2,09/08/2018,4:04
677,269,1,1,09/08/2018,4:04
678,270,2,9,09/08/2018,4:12
679,270,1,8,09/08/2018,4:12
680,270,2,5,09/08/2018,4:12
681,270,2,9,09/08/2018,4:12
682,271,2,9,10/08/2018,9:35
683,271,2,5,10/08/2018,9:35
684,271,2,1,10/08/2018,9:35
685,272,2,3,10/08/2018,10:02
686,272,2,6,10/08/2018,10:02
687,272,1,7,10/08/2018,10:02
688,273,2,4,10/08/2018,1:21
689,273,1,1,10/08/2018,1:21
690,273,1,7,10/08/2018,1:21
691,273,2,7,10/08/2018,1:21
692,274,2,5,10/08/2018,1:13
693,274,1,8,10/08/2018,1:13
694,275,2,7,10/08/2018,10:45
695,275,2,5,10/08/2018,10:45
696,276,2,4,10/08/2018,10:18
697,277,2,1,10/08/2018,12:26
698,277,1,8,10/08/2018,12:26
699,277,2,2,10/08/2018,12:26
700,278,1,2,10/08/2018,4:02
701,278,2,4,10/08/2018,4:02
702,279,2,5,10/08/2018,8:16
703,279,1,1,10/08/2018,8:16
704,280,2,6,11/08/2018,9:38
705,280,1,9,11/08/2018,9:38
706,280,1,2,11/08/2018,9:38
707,281,2,3,11/08/2018,4:46
708,281,2,7,11/08/2018,4:46
709,281,2,8,11/08/2018,4:46
710,282,2,3,11/08/2018,9:10
711,282,2,1,11/08/2018,9:10
712,283,2,9,11/08/2018,11:42
713,283,2,4,11/08/2018,11:42
714,284,1,1,11/08/2018,2:12
715,284,1,3,11/08/2018,2:12
716,284,1,2,11/08/2018,2:12
717,285,2,7,12/08/2018,8:07
718,285,1,2,12/08/2018,8:07
719,286,2,6,12/08/2018,2:47
720,287,2,5,12/08/2018,8:08
721,287,1,7,12/08/2018,8:08
722,287,2,5,12/08/2018,8:08
723,287,1,7,12/08/2018,8:08
724,288,1,2,12/08/2018,8:47
725,288,1,2,12/08/2018,8:47
726,289,1,7,12/08/2018,12:42
727,289,2,5,12/08/2018,12:42
728,289,1,8,12/08/2018,12:42
729,289,2,5,12/08/2018,12:42
730,290,2,7,13/08/2018,10:16
731,290,2,7,13/08/2018,10:16
732,290,2,6,13/08/2018,10:16
733,290,1,9,13/08/2018,10:16
734,291,1,1,13/08/2018,1:12
735,291,1,2,13/08/2018,1:12
736,291,1,9,13/08/2018,1:12
737,292,2,1,13/08/2018,9:11
738,292,1,2,13/08/2018,9:11
739,292,1,6,13/08/2018,9:11
740,293,2,5,13/08/2018,11:01
741,293,2,6,13/08/2018,11:01
742,294,2,8,13/08/2018,1:05
743,294,1,1,13/08/2018,1:05
744,294,1,7,13/08/2018,1:05
745,294,2,2,13/08/2018,1:05
746,295,2,8,13/08/2018,2:10
747,295,1,4,13/08/2018,2:10
748,295,2,2,13/08/2018,2:10
749,295,2,4,13/08/2018,2:10
750,296,2,1,13/08/2018,11:44
751,297,2,7,13/08/2018,3:42
752,297,1,1,13/08/2018,3:42
753,297,1,5,13/08/2018,3:42
754,298,1,3,13/08/2018,3:11
755,299,1,8,14/08/2018,2:28
756,299,1,3,14/08/2018,2:28
757,299,2,9,14/08/2018,2:28
758,299,2,6,14/08/2018,2:28
759,300,2,6,14/08/2018,10:12
760,300,1,1,14/08/2018,10:12
761,300,1,2,14/08/2018,10:12
762,301,1,7,14/08/2018,4:32
763,301,2,2,14/08/2018,4:32
764,301,2,2,14/08/2018,4:32
765,301,2,9,14/08/2018,4:32
766,302,2,8,14/08/2018,12:43
767,302,2,3,14/08/2018,12:43
768,302,2,3,14/08/2018,12:43
769,302,2,3,14/08/2018,12:43
770,303,2,6,14/08/2018,4:20
771,303,1,5,14/08/2018,4:20
772,303,1,6,14/08/2018,4:20
773,303,2,4,14/08/2018,4:20
774,304,2,3,14/08/2018,11:42
775,304,1,1,14/08/2018,11:42
776,305,1,6,15/08/2018,2:15
777,306,1,3,15/08/2018,11:46
778,306,1,7,15/08/2018,11:46
779,306,2,4,15/08/2018,11:46
780,307,1,9,15/08/2018,8:18
781,307,2,7,15/08/2018,8:18
782,307,1,1,15/08/2018,8:18
783,307,1,2,15/08/2018,8:18
784,308,1,7,15/08/2018,9:00
785,308,1,9,15/08/2018,9:00
786,308,1,8,15/08/2018,9:00
787,308,2,1,15/08/2018,9:00
788,309,1,3,15/08/2018,12:15
789,309,1,7,15/08/2018,12:15
790,309,1,7,15/08/2018,12:15
791,309,2,4,15/08/2018,12:15
792,310,1,6,15/08/2018,11:05
793,311,1,2,16/08/2018,8:01
794,311,1,3,16/08/2018,8:01
795,311,2,6,16/08/2018,8:01
796,311,1,8,16/08/2018,8:01
797,312,2,3,16/08/2018,10:42
798,312,2,2,16/08/2018,10:42
799,313,2,3,16/08/2018,3:21
800,314,1,3,16/08/2018,3:08
801,314,1,7,16/08/2018,3:08
802,315,2,5,16/08/2018,9:46
803,315,1,9,16/08/2018,9:46
804,316,1,8,16/08/2018,9:08
805,316,2,5,16/08/2018,9:08
806,317,1,8,16/08/2018,10:14
807,317,1,8,16/08/2018,10:14
808,317,2,5,16/08/2018,10:14
809,318,1,6,16/08/2018,10:40
810,319,2,9,17/08/2018,11:45
811,319,2,7,17/08/2018,11:45
812,320,1,2,17/08/2018,2:02
813,320,2,3,17/08/2018,2:02
814,320,1,6,17/08/2018,2:02
815,320,2,3,17/08/2018,2:02
816,321,1,6,17/08/2018,11:44
817,321,2,7,17/08/2018,11:44
818,321,1,2,17/08/2018,11:44
819,321,2,8,17/08/2018,11:44
820,322,1,6,17/08/2018,3:30
821,323,2,4,17/08/2018,9:07
822,323,1,7,17/08/2018,9:07
823,324,2,8,18/08/2018,2:06
824,324,1,8,18/08/2018,2:06
825,324,1,8,18/08/2018,2:06
826,324,1,3,18/08/2018,2:06
827,325,1,2,18/08/2018,12:35
828,325,2,3,18/08/2018,12:35
829,325,2,7,18/08/2018,12:35
830,326,2,8,18/08/2018,4:43
831,326,1,6,18/08/2018,4:43
832,327,1,3,18/08/2018,12:31
833,328,1,3,18/08/2018,9:45
834,328,1,9,18/08/2018,9:45
835,328,1,5,18/08/2018,9:45
836,328,2,4,18/08/2018,9:45
837,329,2,2,18/08/2018,9:32
838,329,1,1,18/08/2018,9:32
839,329,2,1,18/08/2018,9:32
840,330,2,3,19/08/2018,9:13
841,331,1,2,19/08/2018,2:31
842,331,1,7,19/08/2018,2:31
843,331,1,3,19/08/2018,2:31
844,331,2,5,19/08/2018,2:31
845,332,2,9,19/08/2018,2:21
846,332,2,3,19/08/2018,2:21
847,333,1,7,19/08/2018,3:07
848,333,2,2,19/08/2018,3:07
849,333,2,3,19/08/2018,3:07
850,333,1,8,19/08/2018,3:07
851,334,2,3,19/08/2018,12:14
852,334,1,7,19/08/2018,12:14
853,334,1,1,19/08/2018,12:14
854,334,2,9,19/08/2018,12:14
855,335,1,8,19/08/2018,4:14
856,335,2,9,19/08/2018,4:14
857,335,1,4,19/08/2018,4:14
858,335,1,5,19/08/2018,4:14
859,336,2,5,19/08/2018,11:42
860,337,2,1,19/08/2018,4:48
861,337,1,8,19/08/2018,4:48
862,337,1,6,19/08/2018,4:48
863,338,1,1,20/08/2018,1:14
864,338,1,9,20/08/2018,1:14
865,338,2,4,20/08/2018,1:14
866,339,2,7,20/08/2018,1:16
867,339,2,3,20/08/2018,1:16
868,339,1,4,20/08/2018,1:16
869,340,2,6,20/08/2018,8:12
870,340,2,5,20/08/2018,8:12
871,341,1,4,20/08/2018,10:43
872,342,1,9,20/08/2018,2:03
873,343,2,1,20/08/2018,10:11
874,343,1,5,20/08/2018,10:11
875,344,2,1,20/08/2018,1:10
876,344,1,1,20/08/2018,1:10
877,344,2,9,20/08/2018,1:10
878,345,2,3,20/08/2018,4:12
879,345,2,2,20/08/2018,4:12
880,346,1,8,21/08/2018,10:35
881,346,1,9,21/08/2018,10:35
882,347,1,4,21/08/2018,8:43
883,347,2,6,21/08/2018,8:43
884,348,1,6,21/08/2018,2:32
885,348,1,9,21/08/2018,2:32
886,348,1,8,21/08/2018,2:32
887,348,1,2,21/08/2018,2:32
888,349,2,6,21/08/2018,4:08
889,349,2,6,21/08/2018,4:08
890,350,2,1,21/08/2018,3:26
891,350,1,1,21/08/2018,3:26
892,350,1,7,21/08/2018,3:26
893,350,2,4,21/08/2018,3:26
894,351,1,6,21/08/2018,11:20
895,352,2,9,22/08/2018,2:46
896,352,1,2,22/08/2018,2:46
897,352,1,9,22/08/2018,2:46
898,352,1,5,22/08/2018,2:46
899,353,1,2,22/08/2018,10:00
900,353,2,2,22/08/2018,10:00
901,353,2,9,22/08/2018,10:00
902,354,1,4,22/08/2018,4:06
903,354,2,1,22/08/2018,4:06
904,354,2,4,22/08/2018,4:06
905,355,1,7,22/08/2018,1:15
906,355,1,9,22/08/2018,1:15
907,355,1,5,22/08/2018,1:15
908,355,2,3,22/08/2018,1:15
909,356,1,4,22/08/2018,12:15
910,357,1,4,23/08/2018,1:23
911,357,2,1,23/08/2018,1:23
912,357,1,3,23/08/2018,1:23
913,358,2,6,23/08/2018,12:45
914,358,1,7,23/08/2018,12:45
915,358,2,7,23/08/2018,12:45
916,358,1,1,23/08/2018,12:45
917,359,2,1,23/08/2018,11:01
918,359,1,6,23/08/2018,11:01
919,359,1,8,23/08/2018,11:01
920,360,2,3,23/08/2018,1:44
921,360,1,1,23/08/2018,1:44
922,360,1,7,23/08/2018,1:44
923,361,1,6,23/08/2018,10:22
924,361,1,5,23/08/2018,10:22
925,361,2,2,23/08/2018,10:22
926,362,1,3,23/08/2018,3:41
927,363,2,3,23/08/2018,10:24
928,363,2,5,23/08/2018,10:24
929,363,1,9,23/08/2018,10:24
930,363,2,8,23/08/2018,10:24
931,364,2,7,23/08/2018,12:30
932,364,2,1,23/08/2018,12:30
933,364,2,6,23/08/2018,12:30
934,364,1,3,23/08/2018,12:30
935,365,1,2,24/08/2018,8:20
936,365,1,5,24/08/2018,8:20
937,365,2,4,24/08/2018,8:20
938,365,2,1,24/08/2018,8:20
939,366,1,7,24/08/2018,10:15
940,367,1,6,24/08/2018,10:24
941,368,1,6,24/08/2018,8:20
942,368,1,3,24/08/2018,8:20
943,368,1,7,24/08/2018,8:20
944,369,2,2,24/08/2018,2:07
945,370,1,6,24/08/2018,11:06
946,371,1,3,24/08/2018,10:21
947,372,2,6,24/08/2018,2:04
948,372,1,2,24/08/2018,2:04
949,372,2,5,24/08/2018,2:04
950,373,2,9,25/08/2018,4:08
951,373,2,7,25/08/2018,4:08
952,374,1,7,25/08/2018,2:27
953,374,1,6,25/08/2018,2:27
954,374,2,1,25/08/2018,2:27
955,375,1,1,25/08/2018,8:26
956,375,2,9,25/08/2018,8:26
957,376,1,2,25/08/2018,10:42
958,377,2,5,25/08/2018,3:21
959,378,2,3,25/08/2018,11:04
960,378,2,7,25/08/2018,11:04
961,378,1,2,25/08/2018,11:04
962,378,2,6,25/08/2018,11:04
963,379,1,2,25/08/2018,8:41
964,380,2,9,25/08/2018,1:37
965,380,2,9,25/08/2018,1:37
966,381,2,5,26/08/2018,9:44
967,381,2,8,26/08/2018,9:44
968,381,2,8,26/08/2018,9:44
969,381,2,5,26/08/2018,9:44
970,382,2,5,26/08/2018,9:44
971,382,2,1,26/08/2018,9:44
972,382,2,1,26/08/2018,9:44
973,383,2,6,26/08/2018,8:18
974,383,1,1,26/08/2018,8:18
975,383,1,6,26/08/2018,8:18
976,383,1,5,26/08/2018,8:18
977,384,1,9,26/08/2018,10:30
978,384,2,5,26/08/2018,10:30
979,385,1,9,26/08/2018,8:41
980,386,2,4,26/08/2018,4:38
981,387,1,3,26/08/2018,11:10
982,387,2,6,26/08/2018,11:10
983,387,2,9,26/08/2018,11:10
984,388,2,7,27/08/2018,11:22
985,388,1,1,27/08/2018,11:22
986,388,2,9,27/08/2018,11:22
987,388,1,7,27/08/2018,11:22
988,389,1,6,27/08/2018,9:16
989,390,1,6,27/08/2018,4:31
990,391,2,3,27/08/2018,8:43
991,391,1,4,27/08/2018,8:43
992,391,1,1,27/08/2018,8:43
993,392,2,7,27/08/2018,2:14
994,392,1,5,27/08/2018,2:14
995,392,1,7,27/08/2018,2:14
996,392,2,7,27/08/2018,2:14
997,393,1,5,28/08/2018,8:21
998,393,1,7,28/08/2018,8:21
999,394,1,6,28/08/2018,10:42
1000,395,1,1,28/08/2018,9:11
1001,395,1,4,28/08/2018,9:11
1002,395,1,6,28/08/2018,9:11
1003,395,2,4,28/08/2018,9:11
1004,396,2,7,28/08/2018,9:46
1005,397,1,2,28/08/2018,10:21
1006,397,1,1,28/08/2018,10:21
1007,398,1,4,28/08/2018,4:12
1008,398,1,3,28/08/2018,4:12
1009,398,1,4,28/08/2018,4:12
1010,399,2,6,28/08/2018,4:08
1011,399,2,5,28/08/2018,4:08
1012,399,2,5,28/08/2018,4:08
1013,400,1,5,28/08/2018,9:01
1014,400,2,8,28/08/2018,9:01
1015,400,1,4,28/08/2018,9:01
1016,401,2,1,29/08/2018,1:43
1017,401,2,8,29/08/2018,1:43
1018,401,2,5,29/08/2018,1:43
1019,401,1,7,29/08/2018,1:43
1020,402,2,5,29/08/2018,11:34
1021,402,1,7,29/08/2018,11:34
1022,402,1,3,29/08/2018,11:34
1023,403,2,7,29/08/2018,2:04
1024,403,2,7,29/08/2018,2:04
1025,403,2,3,29/08/2018,2:04
1026,403,2,6,29/08/2018,2:04
1027,404,1,3,29/08/2018,10:33
1028,405,1,6,29/08/2018,4:31
1029,405,1,6,29/08/2018,4:31
1030,406,1,5,29/08/2018,9:27
1031,406,2,8,29/08/2018,9:27
1032,406,2,6,29/08/2018,9:27
1033,406,2,8,29/08/2018,9:27
1034,407,1,1,29/08/2018,2:05
1035,408,1,4,30/08/2018,8:48
1036,409,2,3,30/08/2018,1:16
1037,410,1,5,30/08/2018,8:24
1038,410,2,5,30/08/2018,8:24
1039,411,1,2,30/08/2018,11:20
1040,411,2,7,30/08/2018,11:20
1041,411,1,3,30/08/2018,11:20
1042,411,1,8,30/08/2018,11:20
1043,412,1,7,30/08/2018,3:06
1044,412,1,5,30/08/2018,3:06
1045,412,2,6,30/08/2018,3:06
1046,412,1,6,30/08/2018,3:06
1047,413,2,3,30/08/2018,9:18
1048,413,2,3,30/08/2018,9:18
1049,414,2,3,30/08/2018,4:12
1050,414,2,8,30/08/2018,4:12
1051,414,2,5,30/08/2018,4:12
1052,415,2,8,30/08/2018,10:03
1053,415,2,5,30/08/2018,10:03
1054,415,1,2,30/08/2018,10:03
1055,416,1,4,30/08/2018,11:26
1056,416,1,5,30/08/2018,11:26
1057,417,2,6,31/08/2018,4:48
1058,417,1,8,31/08/2018,4:48
1059,418,1,2,31/08/2018,9:00
1060,418,1,2,31/08/2018,9:00
1061,418,1,7,31/08/2018,9:00
1062,419,1,8,31/08/2018,9:21
1063,419,2,2,31/08/2018,9:21
1064,419,1,3,31/08/2018,9:21
1065,420,2,8,31/08/2018,11:41
1066,420,2,8,31/08/2018,11:41
1067,421,2,8,31/08/2018,10:01
1068,421,1,3,31/08/2018,10:01
1069,421,2,8,31/08/2018,10:01
1070,421,2,2,31/08/2018,10:01
1071,422,1,3,31/08/2018,8:08
1072,423,1,4,01/09/2018,3:36
1073,423,2,8,01/09/2018,3:36
1074,424,2,8,01/09/2018,2:45
1075,424,2,7,01/09/2018,2:45
1076,424,1,5,01/09/2018,2:45
1077,425,1,4,01/09/2018,10:32
1078,425,1,8,01/09/2018,10:32
1079,426,1,6,01/09/2018,12:38
1080,426,2,7,01/09/2018,12:38
1081,427,1,6,01/09/2018,3:32
1082,427,2,8,01/09/2018,3:32
1083,428,2,6,01/09/2018,9:08
1084,428,1,8,01/09/2018,9:08
1085,429,1,4,01/09/2018,3:05
1086,429,1,3,01/09/2018,3:05
1087,429,1,2,01/09/2018,3:05
1088,429,1,6,01/09/2018,3:05
1089,430,1,7,01/09/2018,12:22
1090,430,2,4,01/09/2018,12:22
1091,430,1,9,01/09/2018,12:22
1092,430,1,1,01/09/2018,12:22
1093,431,1,6,02/09/2018,3:03
1094,431,1,1,02/09/2018,3:03
1095,431,2,2,02/09/2018,3:03
1096,431,2,2,02/09/2018,3:03
1097,432,2,7,02/09/2018,8:45
1098,432,2,3,02/09/2018,8:45
1099,433,2,2,02/09/2018,11:07
1100,433,1,4,02/09/2018,11:07
1101,433,1,1,02/09/2018,11:07
1102,434,2,4,02/09/2018,10:10
1103,434,1,4,02/09/2018,10:10
1104,434,1,1,02/09/2018,10:10
1105,434,1,3,02/09/2018,10:10
1106,435,1,4,02/09/2018,10:05
1107,436,2,1,02/09/2018,4:37
1108,436,2,4,02/09/2018,4:37
1109,437,2,7,02/09/2018,11:17
1110,438,2,3,02/09/2018,10:44
1111,438,2,8,02/09/2018,10:44
1112,438,1,8,02/09/2018,10:44
1113,438,1,7,02/09/2018,10:44
1114,439,2,3,03/09/2018,9:17
1115,439,1,7,03/09/2018,9:17
1116,440,2,2,03/09/2018,2:21
1117,440,2,8,03/09/2018,2:21
1118,440,2,3,03/09/2018,2:21
1119,441,2,3,03/09/2018,9:05
1120,441,1,3,03/09/2018,9:05
1121,441,2,9,03/09/2018,9:05
1122,442,1,3,03/09/2018,12:46
1123,442,1,9,03/09/2018,12:46
1124,442,1,6,03/09/2018,12:46
1125,443,1,6,03/09/2018,9:48
1126,444,1,7,04/09/2018,9:21
1127,445,1,9,04/09/2018,12:25
1128,445,2,1,04/09/2018,12:25
1129,446,1,9,04/09/2018,3:28
1130,447,2,2,04/09/2018,11:36
1131,447,2,4,04/09/2018,11:36
1132,448,1,2,04/09/2018,9:15
1133,448,2,9,04/09/2018,9:15
1134,448,2,9,04/09/2018,9:15
1135,448,2,5,04/09/2018,9:15
1136,449,1,5,04/09/2018,8:32
1137,449,1,2,04/09/2018,8:32
1138,449,2,1,04/09/2018,8:32
1139,449,1,3,04/09/2018,8:32
1140,450,2,1,04/09/2018,10:26
1141,450,1,5,04/09/2018,10:26
1142,450,2,2,04/09/2018,10:26
1143,451,1,2,05/09/2018,2:25
1144,451,1,2,05/09/2018,2:25
1145,452,2,6,05/09/2018,8:36
1146,452,2,6,05/09/2018,8:36
1147,452,2,8,05/09/2018,8:36
1148,452,1,4,05/09/2018,8:36
1149,453,1,9,05/09/2018,11:11
1150,453,1,4,05/09/2018,11:11
1151,453,2,2,05/09/2018,11:11
1152,454,2,2,05/09/2018,11:18
1153,454,2,7,05/09/2018,11:18
1154,455,1,6,05/09/2018,3:23
1155,455,1,1,05/09/2018,3:23
1156,455,2,8,05/09/2018,3:23
1157,455,2,8,05/09/2018,3:23
1158,456,1,8,05/09/2018,2:03
1159,456,1,3,05/09/2018,2:03
1160,457,2,7,05/09/2018,9:25
1161,457,1,9,05/09/2018,9:25
1162,458,2,7,06/09/2018,3:13
1163,458,1,6,06/09/2018,3:13
1164,458,1,4,06/09/2018,3:13
1165,458,1,4,06/09/2018,3:13
1166,459,1,2,06/09/2018,8:32
1167,459,1,1,06/09/2018,8:32
1168,459,2,7,06/09/2018,8:32
1169,459,2,8,06/09/2018,8:32
1170,460,1,1,06/09/2018,2:05
1171,460,2,6,06/09/2018,2:05
1172,460,1,7,06/09/2018,2:05
1173,461,1,3,06/09/2018,3:32
1174,461,2,6,06/09/2018,3:32
1175,461,2,5,06/09/2018,3:32
1176,461,2,7,06/09/2018,3:32
1177,462,1,5,06/09/2018,4:48
1178,462,2,2,06/09/2018,4:48
1179,463,2,5,06/09/2018,2:26
1180,464,2,6,06/09/2018,11:18
1181,464,2,6,06/09/2018,11:18
1182,464,2,1,06/09/2018,11:18
1183,465,1,6,06/09/2018,3:05
1184,465,2,5,06/09/2018,3:05
1185,465,1,4,06/09/2018,3:05
1186,465,2,8,06/09/2018,3:05
1187,466,1,2,06/09/2018,10:11
1188,467,2,3,07/09/2018,1:26
1189,467,1,9,07/09/2018,1:26
1190,467,1,3,07/09/2018,1:26
1191,467,1,9,07/09/2018,1:26
1192,468,1,6,07/09/2018,9:16
1193,468,2,4,07/09/2018,9:16
1194,469,2,6,07/09/2018,4:36
1195,469,2,4,07/09/2018,4:36
1196,469,1,4,07/09/2018,4:36
1197,469,2,7,07/09/2018,4:36
1198,470,2,5,07/09/2018,4:32
1199,470,1,1,07/09/2018,4:32
1200,470,2,9,07/09/2018,4:32
1201,470,1,4,07/09/2018,4:32
1202,471,2,4,07/09/2018,8:32
1203,471,1,1,07/09/2018,8:32
1204,472,2,9,07/09/2018,12:05
1205,472,1,4,07/09/2018,12:05
1206,472,1,2,07/09/2018,12:05
1207,473,1,5,07/09/2018,1:08
1208,473,2,7,07/09/2018,1:08
1209,473,2,8,07/09/2018,1:08
1210,474,2,5,07/09/2018,12:14
1211,474,1,5,07/09/2018,12:14
1212,475,2,1,08/09/2018,2:36
1213,475,2,5,08/09/2018,2:36
1214,475,1,5,08/09/2018,2:36
1215,476,2,5,08/09/2018,2:42
1216,476,2,4,08/09/2018,2:42
1217,477,1,3,08/09/2018,1:14
1218,478,1,4,08/09/2018,1:37
1219,478,2,3,08/09/2018,1:37
1220,478,1,3,08/09/2018,1:37
1221,478,1,8,08/09/2018,1:37
1222,479,1,5,08/09/2018,2:21
1223,480,1,4,08/09/2018,1:34
1224,480,1,6,08/09/2018,1:34
1225,481,1,5,08/09/2018,4:24
1226,481,2,5,08/09/2018,4:24
1227,481,2,1,08/09/2018,4:24
1228,481,2,2,08/09/2018,4:24
1229,482,1,9,08/09/2018,1:34
1230,483,2,2,08/09/2018,2:48
1231,484,1,3,09/09/2018,12:37
1232,484,2,9,09/09/2018,12:37
1233,484,1,1,09/09/2018,12:37
1234,484,2,1,09/09/2018,12:37
1235,485,2,2,09/09/2018,11:27
1236,485,2,4,09/09/2018,11:27
1237,485,2,5,09/09/2018,11:27
1238,485,1,9,09/09/2018,11:27
1239,486,2,4,09/09/2018,9:13
1240,486,2,9,09/09/2018,9:13
1241,487,2,6,09/09/2018,10:25
1242,487,1,6,09/09/2018,10:25
1243,487,1,6,09/09/2018,10:25
1244,488,1,1,09/09/2018,2:25
1245,488,1,7,09/09/2018,2:25
1246,489,2,8,09/09/2018,11:17
1247,489,1,9,09/09/2018,11:17
1248,490,1,1,09/09/2018,1:23
1249,490,2,3,09/09/2018,1:23
1250,490,1,3,09/09/2018,1:23
1251,490,2,1,09/09/2018,1:23
1252,491,2,4,09/09/2018,11:31
1253,491,1,6,09/09/2018,11:31
1254,491,1,1,09/09/2018,11:31
1255,491,2,8,09/09/2018,11:31
1256,492,2,5,09/09/2018,4:05
1257,492,2,6,09/09/2018,4:05
1258,493,1,7,10/09/2018,1:48
1259,493,1,4,10/09/2018,1:48
1260,494,2,1,10/09/2018,10:04
1261,494,1,9,10/09/2018,10:04
1262,494,1,9,10/09/2018,10:04
1263,495,1,9,10/09/2018,4:45
1264,495,2,6,10/09/2018,4:45
1265,495,2,2,10/09/2018,4:45
1266,496,1,7,10/09/2018,1:14
1267,496,2,2,10/09/2018,1:14
1268,496,2,9,10/09/2018,1:14
1269,497,1,9,10/09/2018,1:28
1270,497,2,3,10/09/2018,1:28
1271,497,2,1,10/09/2018,1:28
1272,498,2,2,10/09/2018,3:27
1273,498,2,5,10/09/2018,3:27
1274,498,2,2,10/09/2018,3:27
1275,498,1,3,10/09/2018,3:27
1276,499,1,9,10/09/2018,10:05
1277,500,1,6,10/09/2018,10:25
1278,501,1,4,11/09/2018,12:47
1279,501,1,7,11/09/2018,12:47
1280,501,1,9,11/09/2018,12:47
1281,502,2,6,11/09/2018,11:24
1282,502,2,9,11/09/2018,11:24
1283,503,1,5,11/09/2018,3:14
1284,504,2,1,11/09/2018,10:43
1285,504,2,6,11/09/2018,10:43
1286,504,2,2,11/09/2018,10:43
1287,505,2,5,11/09/2018,11:43
1288,505,2,2,11/09/2018,11:43
1289,506,1,6,11/09/2018,4:27
1290,506,1,2,11/09/2018,4:27
1291,506,1,9,11/09/2018,4:27
1292,507,1,6,12/09/2018,11:47
1293,507,1,6,12/09/2018,11:47
1294,507,1,3,12/09/2018,11:47
1295,507,1,8,12/09/2018,11:47
1296,508,1,1,12/09/2018,1:37
1297,508,2,5,12/09/2018,1:37
1298,508,1,6,12/09/2018,1:37
1299,508,1,8,12/09/2018,1:37
1300,509,2,8,12/09/2018,12:45
1301,509,2,7,12/09/2018,12:45
1302,509,1,5,12/09/2018,12:45
1303,510,2,2,12/09/2018,3:25
1304,510,1,1,12/09/2018,3:25
1305,510,1,1,12/09/2018,3:25
1306,510,1,2,12/09/2018,3:25
1307,511,2,2,12/09/2018,3:44
1308,512,1,1,12/09/2018,8:16
1309,512,1,1,12/09/2018,8:16
1310,512,2,6,12/09/2018,8:16
1311,513,2,2,13/09/2018,3:25
1312,514,2,9,13/09/2018,11:20
1313,514,1,3,13/09/2018,11:20
1314,514,2,5,13/09/2018,11:20
1315,515,1,2,13/09/2018,3:00
1316,516,1,3,13/09/2018,3:40
1317,517,2,7,13/09/2018,11:41
1318,517,1,7,13/09/2018,11:41
1319,517,2,5,13/09/2018,11:41
1320,517,1,5,13/09/2018,11:41
1321,518,2,8,13/09/2018,12:03
1322,519,2,2,13/09/2018,9:25
1323,519,1,2,13/09/2018,9:25
1324,520,2,4,14/09/2018,11:12
1325,520,1,6,14/09/2018,11:12
1326,521,2,9,14/09/2018,9:40
1327,521,1,9,14/09/2018,9:40
1328,521,1,4,14/09/2018,9:40
1329,522,1,8,14/09/2018,3:23
1330,522,1,3,14/09/2018,3:23
1331,522,1,3,14/09/2018,3:23
1332,522,2,6,14/09/2018,3:23
1333,523,1,4,14/09/2018,10:23
1334,523,2,6,14/09/2018,10:23
1335,523,1,7,14/09/2018,10:23
1336,523,1,9,14/09/2018,10:23
1337,524,2,2,14/09/2018,11:45
1338,524,2,4,14/09/2018,11:45
1339,525,2,9,14/09/2018,2:45
1340,525,1,6,14/09/2018,2:45
1341,525,2,6,14/09/2018,2:45
1342,526,1,7,14/09/2018,2:41
1343,526,1,5,14/09/2018,2:41
1344,527,1,3,14/09/2018,8:27
1345,527,1,9,14/09/2018,8:27
1346,527,2,9,14/09/2018,8:27
1347,527,1,7,14/09/2018,8:27
1348,528,2,1,15/09/2018,9:34
1349,529,1,8,15/09/2018,10:21
1350,529,1,9,15/09/2018,10:21
1351,529,1,3,15/09/2018,10:21
1352,529,2,6,15/09/2018,10:21
1353,530,1,5,15/09/2018,12:48
1354,530,2,3,15/09/2018,12:48
1355,530,2,1,15/09/2018,12:48
1356,531,2,1,15/09/2018,12:40
1357,531,1,8,15/09/2018,12:40
1358,532,1,3,15/09/2018,11:44
1359,532,1,3,15/09/2018,11:44
1360,532,2,3,15/09/2018,11:44
1361,533,1,3,15/09/2018,2:02
1362,533,2,9,15/09/2018,2:02
1363,533,2,1,15/09/2018,2:02
1364,533,1,1,15/09/2018,2:02
1365,534,1,4,15/09/2018,4:13
1366,534,2,9,15/09/2018,4:13
1367,534,2,2,15/09/2018,4:13
1368,534,2,6,15/09/2018,4:13
1369,535,1,9,15/09/2018,12:08
1370,535,1,6,15/09/2018,12:08
1371,535,1,2,15/09/2018,12:08
1372,536,2,5,16/09/2018,11:22
1373,536,2,6,16/09/2018,11:22
1374,537,1,8,16/09/2018,11:10
1375,537,1,2,16/09/2018,11:10
1376,538,2,6,16/09/2018,4:31
1377,539,2,5,16/09/2018,4:11
1378,540,1,9,16/09/2018,9:28
1379,541,1,3,16/09/2018,10:34
1380,541,2,1,16/09/2018,10:34
1381,541,1,2,16/09/2018,10:34
1382,541,2,3,16/09/2018,10:34
1383,542,1,1,17/09/2018,11:46
1384,542,2,6,17/09/2018,11:46
1385,542,1,1,17/09/2018,11:46
1386,542,1,3,17/09/2018,11:46
1387,543,2,7,17/09/2018,11:23
1388,543,2,1,17/09/2018,11:23
1389,543,2,9,17/09/2018,11:23
1390,544,2,3,17/09/2018,1:32
1391,545,2,5,17/09/2018,1:48
1392,546,1,6,17/09/2018,1:13
1393,546,1,9,17/09/2018,1:13
1394,546,2,5,17/09/2018,1:13
1395,546,2,6,17/09/2018,1:13
1396,547,2,3,17/09/2018,11:37
1397,547,1,8,17/09/2018,11:37
1398,548,1,2,18/09/2018,4:20
1399,548,2,2,18/09/2018,4:20
1400,548,1,9,18/09/2018,4:20
1401,549,2,8,18/09/2018,10:35
1402,549,2,3,18/09/2018,10:35
1403,549,1,9,18/09/2018,10:35
1404,550,1,9,18/09/2018,1:02
1405,551,2,6,18/09/2018,10:31
1406,551,2,8,18/09/2018,10:31
1407,551,1,3,18/09/2018,10:31
1408,552,2,6,18/09/2018,1:44
1409,552,1,1,18/09/2018,1:44
1410,552,1,6,18/09/2018,1:44
1411,552,2,2,18/09/2018,1:44
1412,553,2,7,18/09/2018,9:23
1413,553,1,6,18/09/2018,9:23
1414,554,2,2,18/09/2018,2:21
1415,554,2,7,18/09/2018,2:21
1416,555,2,6,18/09/2018,10:10
1417,556,1,2,18/09/2018,3:26
1418,557,1,6,19/09/2018,3:21
1419,557,1,1,19/09/2018,3:21
1420,557,1,6,19/09/2018,3:21
1421,558,2,8,19/09/2018,8:32
1422,559,1,4,19/09/2018,2:25
1423,559,1,3,19/09/2018,2:25
1424,559,2,8,19/09/2018,2:25
1425,559,1,7,19/09/2018,2:25
1426,560,2,4,19/09/2018,12:13
1427,560,1,2,19/09/2018,12:13
1428,560,1,4,19/09/2018,12:13
1429,561,2,1,19/09/2018,9:12
1430,561,1,7,19/09/2018,9:12
1431,562,2,5,19/09/2018,12:34
1432,562,1,7,19/09/2018,12:34
1433,563,2,2,19/09/2018,3:37
1434,563,1,2,19/09/2018,3:37
1435,563,1,9,19/09/2018,3:37
1436,563,2,9,19/09/2018,3:37
1437,564,2,3,19/09/2018,1:47
1438,564,1,7,19/09/2018,1:47
1439,565,2,9,20/09/2018,8:30
1440,565,1,4,20/09/2018,8:30
1441,565,2,2,20/09/2018,8:30
1442,565,2,3,20/09/2018,8:30
1443,566,1,6,20/09/2018,4:47
1444,566,1,5,20/09/2018,4:47
1445,566,2,2,20/09/2018,4:47
1446,566,2,8,20/09/2018,4:47
1447,567,1,9,20/09/2018,4:10
1448,567,1,7,20/09/2018,4:10
1449,567,2,4,20/09/2018,4:10
1450,567,2,5,20/09/2018,4:10
1451,568,1,5,20/09/2018,8:07
1452,568,1,7,20/09/2018,8:07
1453,568,1,1,20/09/2018,8:07
1454,569,2,7,20/09/2018,1:45
1455,569,1,9,20/09/2018,1:45
1456,569,2,9,20/09/2018,1:45
1457,569,2,9,20/09/2018,1:45
1458,570,2,7,20/09/2018,3:45
1459,571,2,1,20/09/2018,10:10
1460,571,2,3,20/09/2018,10:10
1461,572,2,2,20/09/2018,1:20
1462,572,1,1,20/09/2018,1:20
1463,573,1,4,20/09/2018,8:47
1464,573,2,2,20/09/2018,8:47
1465,573,1,8,20/09/2018,8:47
1466,573,1,2,20/09/2018,8:47
1467,574,1,5,21/09/2018,1:28
1468,575,2,7,21/09/2018,9:48
1469,575,1,4,21/09/2018,9:48
1470,575,2,9,21/09/2018,9:48
1471,576,1,3,21/09/2018,2:00
1472,577,1,1,21/09/2018,1:47
1473,577,1,7,21/09/2018,1:47
1474,577,1,9,21/09/2018,1:47
1475,577,1,6,21/09/2018,1:47
1476,578,1,7,21/09/2018,12:17
1477,578,1,9,21/09/2018,12:17
1478,579,1,2,21/09/2018,2:06
1479,579,1,5,21/09/2018,2:06
1480,580,1,3,21/09/2018,3:34
1481,580,2,7,21/09/2018,3:34
1482,581,2,4,21/09/2018,3:46
1483,581,2,8,21/09/2018,3:46
1484,582,2,9,21/09/2018,10:38
1485,582,2,3,21/09/2018,10:38
1486,582,1,5,21/09/2018,10:38
1487,582,1,8,21/09/2018,10:38
1488,583,1,1,22/09/2018,4:23
1489,583,1,6,22/09/2018,4:23
1490,583,2,5,22/09/2018,4:23
1491,584,1,6,22/09/2018,10:18
1492,584,1,4,22/09/2018,10:18
1493,584,2,2,22/09/2018,10:18
1494,585,2,2,22/09/2018,8:42
1495,585,2,2,22/09/2018,8:42
1496,585,1,7,22/09/2018,8:42
1497,585,1,6,22/09/2018,8:42
1498,586,1,9,22/09/2018,8:10
1499,586,1,8,22/09/2018,8:10
1500,586,1,5,22/09/2018,8:10
1501,586,2,7,22/09/2018,8:10
1502,587,2,6,22/09/2018,12:16
1503,588,2,6,22/09/2018,9:27
1504,589,2,2,22/09/2018,9:01
1505,590,2,6,23/09/2018,11:01
1506,590,1,9,23/09/2018,11:01
1507,591,2,6,23/09/2018,10:33
1508,592,1,6,23/09/2018,10:31
1509,593,2,1,23/09/2018,8:42
1510,593,1,4,23/09/2018,8:42
1511,593,2,2,23/09/2018,8:42
1512,594,1,7,23/09/2018,10:42
1513,595,1,4,23/09/2018,8:48
1514,595,2,9,23/09/2018,8:48
1515,595,2,1,23/09/2018,8:48
1516,596,1,4,23/09/2018,12:38
1517,596,2,1,23/09/2018,12:38
1518,596,2,6,23/09/2018,12:38
1519,596,2,4,23/09/2018,12:38
1520,597,2,1,24/09/2018,4:37
1521,597,1,7,24/09/2018,4:37
1522,597,2,3,24/09/2018,4:37
1523,597,1,4,24/09/2018,4:37
1524,598,2,1,24/09/2018,2:34
1525,599,1,3,24/09/2018,1:07
1526,599,2,8,24/09/2018,1:07
1527,600,1,9,24/09/2018,2:34
1528,601,2,6,24/09/2018,8:07
1529,602,2,9,24/09/2018,9:26
1530,603,2,3,25/09/2018,12:34
1531,603,2,4,25/09/2018,12:34
1532,603,2,1,25/09/2018,12:34
1533,604,1,9,25/09/2018,12:32
1534,604,1,1,25/09/2018,12:32
1535,605,1,9,25/09/2018,9:18
1536,605,1,4,25/09/2018,9:18
1537,606,1,7,25/09/2018,11:36
1538,606,1,3,25/09/2018,11:36
1539,606,1,5,25/09/2018,11:36
1540,607,1,6,25/09/2018,2:44
1541,607,1,1,25/09/2018,2:44
1542,607,1,1,25/09/2018,2:44
1543,607,1,6,25/09/2018,2:44
1544,608,2,7,26/09/2018,2:14
1545,608,1,2,26/09/2018,2:14
1546,608,2,6,26/09/2018,2:14
1547,608,2,1,26/09/2018,2:14
1548,609,2,4,26/09/2018,8:22
1549,610,1,9,26/09/2018,1:03
1550,611,1,1,26/09/2018,8:45
1551,612,2,1,26/09/2018,2:35
1552,613,2,4,26/09/2018,3:22
1553,614,1,8,26/09/2018,10:45
1554,614,2,7,26/09/2018,10:45
1555,614,2,9,26/09/2018,10:45
1556,614,2,7,26/09/2018,10:45
1557,615,2,9,27/09/2018,3:41
1558,616,1,3,27/09/2018,1:46
1559,616,2,5,27/09/2018,1:46
1560,616,2,8,27/09/2018,1:46
1561,617,2,4,27/09/2018,12:40
1562,618,1,6,27/09/2018,2:33
1563,618,2,6,27/09/2018,2:33
1564,618,2,9,27/09/2018,2:33
1565,618,2,3,27/09/2018,2:33
1566,619,1,4,27/09/2018,11:32
1567,619,2,9,27/09/2018,11:32
1568,620,2,7,27/09/2018,2:18
1569,620,2,4,27/09/2018,2:18
1570,620,1,8,27/09/2018,2:18
1571,621,1,5,27/09/2018,10:23
1572,622,1,9,28/09/2018,11:05
1573,622,2,1,28/09/2018,11:05
1574,622,2,8,28/09/2018,11:05
1575,623,2,4,28/09/2018,2:05
1576,623,1,2,28/09/2018,2:05
1577,624,1,5,28/09/2018,11:28
1578,625,1,8,28/09/2018,10:00
1579,625,2,6,28/09/2018,10:00
1580,625,2,2,28/09/2018,10:00
1581,626,1,8,28/09/2018,11:15
1582,626,2,6,28/09/2018,11:15
1583,626,1,9,28/09/2018,11:15
1584,627,1,9,29/09/2018,3:46
1585,627,1,3,29/09/2018,3:46
1586,627,2,8,29/09/2018,3:46
1587,627,1,1,29/09/2018,3:46
1588,628,2,8,29/09/2018,1:25
1589,628,2,3,29/09/2018,1:25
1590,629,1,6,29/09/2018,12:42
1591,629,2,9,29/09/2018,12:42
1592,629,1,8,29/09/2018,12:42
1593,630,1,6,29/09/2018,9:37
1594,630,2,6,29/09/2018,9:37
1595,630,1,8,29/09/2018,9:37
1596,631,2,9,29/09/2018,3:25
1597,632,2,3,29/09/2018,3:38
1598,632,2,2,29/09/2018,3:38
1599,632,1,6,29/09/2018,3:38
1600,633,2,9,29/09/2018,8:25
1601,633,1,3,29/09/2018,8:25
1602,633,2,1,29/09/2018,8:25
1603,633,2,9,29/09/2018,8:25
1604,634,2,3,29/09/2018,1:47
1605,635,2,8,29/09/2018,9:30
1606,635,1,9,29/09/2018,9:30
1607,636,1,5,30/09/2018,12:31
1608,637,2,6,30/09/2018,1:08
1609,638,1,4,30/09/2018,8:18
1610,639,2,5,30/09/2018,12:41
1611,639,2,4,30/09/2018,12:41
1612,639,2,7,30/09/2018,12:41
1613,640,2,4,30/09/2018,10:01
1614,640,2,1,30/09/2018,10:01
1615,641,2,2,30/09/2018,4:41
1616,641,2,7,30/09/2018,4:41
1617,641,1,7,30/09/2018,4:41
1618,642,2,5,30/09/2018,8:13
1619,642,1,9,30/09/2018,8:13
1620,642,1,1,30/09/2018,8:13
1621,642,1,9,30/09/2018,8:13
1622,643,1,6,30/09/2018,4:02
1623,644,1,4,01/10/2018,4:38
1624,644,2,1,01/10/2018,4:38
1625,644,2,2,01/10/2018,4:38
1626,645,1,2,01/10/2018,10:13
1627,645,2,3,01/10/2018,10:13
1628,646,1,5,01/10/2018,3:26
1629,646,2,2,01/10/2018,3:26
1630,646,2,6,01/10/2018,3:26
1631,647,1,7,01/10/2018,8:21
1632,648,1,7,01/10/2018,3:17
1633,649,1,2,01/10/2018,1:07
1634,650,1,5,01/10/2018,3:48
1635,650,2,5,01/10/2018,3:48
1636,650,1,7,01/10/2018,3:48
1637,651,1,6,01/10/2018,12:00
1638,651,2,9,01/10/2018,12:00
1639,651,2,6,01/10/2018,12:00
1640,651,2,2,01/10/2018,12:00
1641,652,2,8,02/10/2018,8:21
1642,652,2,7,02/10/2018,8:21
1643,653,1,6,02/10/2018,9:01
1644,654,1,5,02/10/2018,2:38
1645,655,1,4,02/10/2018,4:16
1646,656,2,2,02/10/2018,10:16
1647,656,1,5,02/10/2018,10:16
1648,656,1,1,02/10/2018,10:16
1649,656,2,2,02/10/2018,10:16
1650,657,2,1,03/10/2018,8:47
1651,657,2,3,03/10/2018,8:47
1652,658,2,5,03/10/2018,12:48
1653,658,2,5,03/10/2018,12:48
1654,659,1,3,03/10/2018,4:15
1655,660,2,3,03/10/2018,3:31
1656,660,1,3,03/10/2018,3:31
1657,661,2,7,03/10/2018,12:05
1658,661,2,3,03/10/2018,12:05
1659,661,1,7,03/10/2018,12:05
1660,662,1,9,03/10/2018,12:36
1661,662,2,4,03/10/2018,12:36
1662,662,2,2,03/10/2018,12:36
1663,663,1,2,03/10/2018,11:15
1664,663,1,5,03/10/2018,11:15
1665,663,1,2,03/10/2018,11:15
1666,664,1,2,03/10/2018,3:48
1667,664,2,6,03/10/2018,3:48
1668,664,2,6,03/10/2018,3:48
1669,665,2,9,03/10/2018,3:45
1670,665,1,7,03/10/2018,3:45
1671,665,2,8,03/10/2018,3:45
1672,666,2,2,04/10/2018,11:17
1673,667,1,7,04/10/2018,8:01
1674,667,2,6,04/10/2018,8:01
1675,668,1,4,04/10/2018,2:00
1676,668,1,2,04/10/2018,2:00
1677,669,1,1,04/10/2018,10:48
1678,669,2,8,04/10/2018,10:48
1679,670,2,3,04/10/2018,12:30
1680,670,1,5,04/10/2018,12:30
1681,670,1,6,04/10/2018,12:30
1682,671,2,7,04/10/2018,11:28
1683,671,2,2,04/10/2018,11:28
1684,672,2,5,04/10/2018,9:15
1685,672,1,4,04/10/2018,9:15
1686,672,2,6,04/10/2018,9:15
1687,672,2,5,04/10/2018,9:15
1688,673,2,8,05/10/2018,11:46
1689,673,1,7,05/10/2018,11:46
1690,674,1,2,05/10/2018,10:40
1691,675,1,6,05/10/2018,8:18
1692,675,1,1,05/10/2018,8:18
1693,675,2,3,05/10/2018,8:18
1694,675,2,5,05/10/2018,8:18
1695,676,2,5,05/10/2018,11:12
1696,676,1,5,05/10/2018,11:12
1697,677,2,1,05/10/2018,8:28
1698,678,2,3,06/10/2018,11:05
1699,678,2,8,06/10/2018,11:05
1700,679,1,1,06/10/2018,9:45
1701,679,1,2,06/10/2018,9:45
1702,680,2,6,06/10/2018,4:28
1703,680,2,6,06/10/2018,4:28
1704,681,2,2,06/10/2018,11:00
1705,681,2,8,06/10/2018,11:00
1706,681,1,4,06/10/2018,11:00
1707,682,2,7,06/10/2018,3:37
1708,682,1,7,06/10/2018,3:37
1709,683,2,7,06/10/2018,1:11
1710,684,2,3,06/10/2018,1:18
1711,684,2,8,06/10/2018,1:18
1712,685,2,9,06/10/2018,11:35
1713,686,1,1,06/10/2018,10:46
1714,686,1,7,06/10/2018,10:46
1715,687,1,9,07/10/2018,9:03
1716,687,2,4,07/10/2018,9:03
1717,687,1,3,07/10/2018,9:03
1718,688,2,9,07/10/2018,3:35
1719,688,1,3,07/10/2018,3:35
1720,688,1,5,07/10/2018,3:35
1721,688,1,3,07/10/2018,3:35
1722,689,1,9,07/10/2018,1:28
1723,690,1,9,07/10/2018,8:40
1724,691,2,9,07/10/2018,8:37
1725,692,1,7,07/10/2018,3:16
1726,692,2,5,07/10/2018,3:16
1727,692,2,2,07/10/2018,3:16
1728,692,1,6,07/10/2018,3:16
1729,693,1,2,07/10/2018,10:25
1730,693,1,6,07/10/2018,10:25
1731,693,2,6,07/10/2018,10:25
1732,693,2,4,07/10/2018,10:25
1733,694,1,9,08/10/2018,3:42
1734,694,1,6,08/10/2018,3:42
1735,694,2,2,08/10/2018,3:42
1736,695,1,7,08/10/2018,2:44
1737,696,1,1,08/10/2018,10:11
1738,696,2,1,08/10/2018,10:11
1739,696,1,1,08/10/2018,10:11
1740,697,2,9,08/10/2018,8:46
1741,697,1,4,08/10/2018,8:46
1742,698,2,6,08/10/2018,12:00
1743,698,1,4,08/10/2018,12:00
1744,698,1,5,08/10/2018,12:00
1745,699,2,5,08/10/2018,1:37
1746,699,2,9,08/10/2018,1:37
1747,699,1,4,08/10/2018,1:37
1748,699,2,6,08/10/2018,1:37
1749,700,1,9,08/10/2018,3:27
1750,700,1,3,08/10/2018,3:27
1751,701,2,5,08/10/2018,10:26
1752,701,1,5,08/10/2018,10:26
1753,701,2,1,08/10/2018,10:26
1754,702,2,3,08/10/2018,1:20
1755,702,1,1,08/10/2018,1:20
1756,702,2,3,08/10/2018,1:20
1757,703,2,9,09/10/2018,2:08
1758,703,2,4,09/10/2018,2:08
1759,703,1,1,09/10/2018,2:08
1760,703,1,1,09/10/2018,2:08
1761,704,1,9,09/10/2018,4:11
1762,705,2,2,09/10/2018,12:48
1763,705,1,6,09/10/2018,12:48
1764,705,2,7,09/10/2018,12:48
1765,706,2,6,09/10/2018,1:30
1766,706,2,8,09/10/2018,1:30
1767,707,2,9,09/10/2018,3:47
1768,707,1,7,09/10/2018,3:47
1769,708,1,8,09/10/2018,12:44
1770,708,2,8,09/10/2018,12:44
1771,708,1,4,09/10/2018,12:44
1772,709,1,4,09/10/2018,4:15
1773,710,1,9,09/10/2018,10:15
1774,710,2,1,09/10/2018,10:15
